name        ,type ,op                ,1              ,2              ,3                ,4             ,5                ,6              ,7
ABS.fmt     ,R    ,COP1 6 010001     ,fmt 5 ? SD     ,0 5 0          ,fs 5 - 2         ,fd 5 - 1      ,ABS 6 000101     ,               ,
ADD         ,R    ,SPECIAL 6 000000  ,rs 5 - 2       ,rt 5 - 3       ,rd 5 - 1         ,0 5 0         ,ADD 6 100000     ,               ,
ADD.fmt     ,R    ,COP1 6 010001     ,fmt 5 ? SD     ,ft 5 - 3       ,fs 5 - 2         ,fd 5 - 1      ,ADD 6 000000     ,               ,
ADDU        ,R    ,SPECIAL 6 000000  ,rs 5 - 2       ,rt 5 - 3       ,rd 5 - 1         ,0 5 0         ,ADDU 6 100001    ,               ,
ALGIN       ,R    ,SPECIAL3 6 011111 ,rs 5 - 2       ,rt 5 - 3       ,rd 5 - 1         ,ALIGN 3 010   ,bp 2 - 4         ,BSHFL 6 100000 ,
AND         ,R    ,SPECIAL 6 000000  ,rs 5 - 2       ,rt 5 - 3       ,rd 5 - 1         ,0 5 0         ,AND 6 100100     ,               ,
BITSWAP     ,R    ,SPECIAL3 6 011111 ,0 5 0          ,rt 5 - 2       ,rd 5 - 1         ,BITSWAP 5 0   ,BSHFL 6 100000   ,               ,
CEIL.L.fmt  ,R    ,COP1 6 010001     ,fmt 5 ? SD     ,0 5 0          ,fs 5 - 2         ,fd 5 - 1      ,CEIL.L 6 001010  ,               ,
CEIL.W.fmt  ,R    ,COP1 6 010001     ,fmt 5 ? SD     ,0 5 0          ,fs 5 - 2         ,fd 5 - 1      ,CEIL.W 6 001110  ,               ,
CFC1        ,R    ,COP1 6 010001     ,CF 5 00010     ,rt 5 - 1       ,fs 5 - 2         ,0 11 0        ,                 ,               ,
CLASS.fmt   ,R    ,COP1 6 010001     ,fmt 5 ? SD     ,0 5 0          ,fs 5 - 2         ,fd 5 - 1      ,CLASS 6 011011   ,               ,
CLO         ,R    ,SPECIAL 6 000000  ,rs 5 - 2       ,0 5 0          ,rd 5 - 1         ,1 5 00001     ,CLO 6 010001     ,               ,
CLZ         ,R    ,SPECIAL 6 000000  ,rs 5 - 2       ,0 5 0          ,rd 5 - 1         ,1 5 00001     ,CLZ 6 010000     ,               ,
CMP.condn.D ,R    ,COP1 6 010001     ,D 5 10101      ,ft 5 - 3       ,fs 5 - 2         ,fd 5 - 1      ,0 1 0            ,condn 5 ?      ,
CMP.condn.S ,R    ,COP1 6 010001     ,S 5 10100      ,ft 5 - 3       ,fs 5 - 2         ,fd 5 - 1      ,0 1 0            ,condn 5 ?      ,
CTC1        ,R    ,COP1 6 010001     ,CT 5 00110     ,rt 5 - 1       ,fs 5 - 2         ,0 11 0        ,                 ,               ,
CVT.D.fmt   ,R    ,COP1 6 010001     ,fmt 5 ? SWL    ,0 5 0          ,fs 5 - 2         ,fd 5 - 1      ,CVT.D 6 100001   ,               ,
CVT.L.fmt   ,R    ,COP1 6 010001     ,fmt 5 ? SD     ,0 5 0          ,fs 5 - 2         ,fd 5 - 1      ,CVT.L 6 100101   ,               ,
CVT.S.fmt   ,R    ,COP1 6 010001     ,fmt 5 ? DWL    ,0 5 0          ,fs 5 - 2         ,fd 5 - 1      ,CVT.S 6 100000   ,               ,
CVT.W.fmt   ,R    ,COP1 6 010001     ,fmt 5 ? SD     ,0 5 0          ,fs 5 - 2         ,fd 5 - 1      ,CVT.W 6 100100   ,               ,
DERET       ,R    ,COP0 6 010000     ,CO 1 1         ,0 19 0         ,DERET 6 011111   ,              ,                 ,               ,
DI          ,R    ,COP0 6 010000     ,MFMC0 5 01011  ,rt 5 - 1       ,12 5 01100       ,0 5 0         ,sc 1 0           ,0 2 0          ,0 3 0
DIV         ,R    ,SPECIAL 6 000000  ,rs 5 - 2       ,rt 5 - 3       ,rd 5 - 1         ,DIV 5 00010   ,SOP32 6 011010   ,               ,
DIV.fmt     ,R    ,COP1 6 010001     ,fmt 5 ? SD     ,ft 5 - 3       ,fs 5 - 2         ,fd 5 - 1      ,DIV 6 000011     ,               ,
DIVU        ,R    ,SPECIAL 6 000000  ,rs 5 - 2       ,rt 5 - 3       ,rd 5 - 1         ,DIVU 5 00010  ,SOP33 6 011011   ,               ,
DVP         ,R    ,COP0 6 010000     ,MFMC0 5 01011  ,rt 5 - 1       ,0 5 0            ,0 5 0         ,sc 1 1           ,0 2 0          ,4 3 100
EI          ,R    ,COP0 6 010000     ,MFMC0 5 01011  ,rt 5 - 1       ,12 5 01100       ,0 5 0         ,sc 1 1           ,0 2 0          ,0 3 0
ERET        ,R    ,COP0 6 010000     ,CO 1 1         ,0 19 0         ,ERET 6 011000    ,              ,                 ,               ,
ERETNC      ,R    ,COP0 6 010000     ,CO 1 1         ,0 18 0         ,1 1 1            ,ERET 6 011000 ,                 ,               ,
EVP         ,R    ,COP0 6 010000     ,MFMC0 5 01011  ,rt 5 - 1       ,0 5 0            ,0 5 0         ,sc 1 0           ,0 2 0          ,4 3 100
EXT         ,R    ,SPECIAL3 6 011111 ,rs 5 - 2       ,rt 5 - 1       ,pos 0 - 3        ,size 0 - 4    ,msbd 5 size-1    ,lsb 5 pos      ,EXT 6 0
FLOOR.L.fmt ,R    ,COP1 6 010001     ,fmt 5 ? SD     ,0 5 0          ,fs 5 - 2         ,fd 5 - 1      ,FLOOR.L 6 001011 ,               ,
FLOOR.W.fmt ,R    ,COP1 6 010001     ,fmt 5 ? SD     ,0 5 0          ,fs 5 - 2         ,fd 5 - 1      ,FLOOR.W 6 001111 ,               ,
GINVI       ,R    ,SPECIAL3 6 011111 ,rs 5 - 1       ,0 13 0         ,GINVI 2 0        ,GINV 6 111101 ,                 ,               ,
GINVT       ,R    ,SPECIAL3 6 011111 ,rs 5 - 1       ,0 5 0          ,0 6 0            ,type 2 - 2    ,GINVT 2 10       ,GINV 6 111101  ,
INS         ,R    ,SPECIAL3 6 011111 ,rs 5 - 2       ,rt 5 - 1       ,pos 0 - 3        ,size 0 - 4    ,msb 5 pos+size-1 ,lsb 5 pos      ,INS 6 000100
JALR        ,R    ,SPECIAL 6 000000  ,rs 5 - 1       ,0 5 0          ,rd 5 + 1         ,hint 5 0      ,JALR 6 001001    ,               ,
JALR.HB     ,R    ,SPECIAL 6 000000  ,rs 5 - 1       ,0 5 0          ,rd 5 + 1         ,1 1 1         ,hint 4 0         ,JALR 6 001001  ,
LBE         ,R    ,SPECIAL3 6 011111 ,base 5 ~       ,rt 5 - 1       ,offset 9 - 2     ,0 1 0         ,LBE 6 101100     ,               ,
LBUE        ,R    ,SPECIAL3 6 011111 ,base 5 ~       ,rt 5 - 1       ,offset 9 - 2     ,0 1 0         ,LBUE 6 101000    ,               ,
LHE         ,R    ,SPECIAL3 6 011111 ,base 5 ~       ,rt 5 - 1       ,offset 9 - 2     ,0 1 0         ,LHE 6 101101     ,               ,
LHUE        ,R    ,SPECIAL3 6 011111 ,base 5 ~       ,rt 5 - 1       ,offset 9 - 2     ,0 1 0         ,LHUE 6 101001    ,               ,
LL          ,R    ,SPECIAL3 6 011111 ,base 5 ~       ,rt 5 - 1       ,offset 9 - 2     ,0 1 0         ,LL 6 110110      ,               ,
LLE         ,R    ,SPECIAL3 6 011111 ,base 5 ~       ,rt 5 - 1       ,offset 9 - 2     ,0 1 0         ,LLE 6 101110     ,               ,
LLWP        ,R    ,SPECIAL3 6 011111 ,base 5 ~       ,rt 5 - 1       ,rd 5 - 2         ,0 4 0         ,1 1 1            ,LL 6 110110    ,
LLWPE       ,R    ,SPECIAL3 6 011111 ,base 5 ~       ,rt 5 - 1       ,rd 5 - 2         ,0 4 0         ,1 1 1            ,LLE 6 101110   ,
LSA         ,R    ,SPECIAL 6 000000  ,rs 5 - 2       ,rt 5 - 3       ,rd 5 - 1         ,0 3 0         ,sa 2 - 4         ,LSA 6 000101   ,
LWE         ,R    ,SPECIAL3 6 011111 ,base 5 ~       ,rt 5 - 1       ,offset 9 - 2     ,0 1 0         ,LWE 6 101111     ,               ,
MADDF.fmt   ,R    ,COP1 6 010001     ,fmt 5 ? SD     ,ft 5 - 3       ,fs 5 - 2         ,fd 5 - 1      ,MADDF 6 011000   ,               ,
MAX.fmt     ,R    ,COP1 6 010001     ,fmt 5 ? SD     ,ft 5 - 3       ,fs 5 - 2         ,fd 5 - 1      ,MAX 6 011110     ,               ,
MAXA.fmt    ,R    ,COP1 6 010001     ,fmt 5 ? SD     ,ft 5 - 3       ,fs 5 - 2         ,fd 5 - 1      ,MAXA 6 011111    ,               ,
MFC0        ,R    ,COP0 6 010000     ,MF 5 0         ,rt 5 - 1       ,rd 5 - 2         ,0 8 0         ,sel 3 - 3        ,               ,
MFC1        ,R    ,COP1 6 010001     ,MF 5 0         ,rt 5 - 1       ,fs 5 - 2         ,0 11 0        ,                 ,               ,
MFHC0       ,R    ,COP0 6 010000     ,MFH 5 00010    ,rt 5 - 1       ,rd 5 - 2         ,0 8 0         ,sel 3 - 3        ,               ,
MFHC1       ,R    ,COP1 6 010001     ,MFH 5 00011    ,rt 5 - 1       ,fs 5 - 2         ,0 11 0        ,                 ,               ,
MIN.fmt     ,R    ,COP1 6 010001     ,fmt 5 ? SD     ,ft 5 - 3       ,fs 5 - 2         ,fd 5 - 1      ,MIN 6 011100     ,               ,
MINA.fmt    ,R    ,COP1 6 010001     ,fmt 5 ? SD     ,ft 5 - 3       ,fs 5 - 2         ,fd 5 - 1      ,MINA 6 011101    ,               ,
MOD         ,R    ,SPECIAL 6 000000  ,rs 5 - 2       ,rt 5 - 3       ,rd 5 - 1         ,MOD 5 00011   ,SOP32 6 011010   ,               ,
MODU        ,R    ,SPECIAL 6 000000  ,rs 5 - 2       ,rt 5 - 3       ,rd 5 - 1         ,MODU 5 00011  ,SOP33 6 011011   ,               ,
MOV.fmt     ,R    ,COP1 6 010001     ,fmt 5 ? SD     ,0 5 0          ,fs 5 - 2         ,fd 5 - 1      ,MOV 6 000110     ,               ,
MSUBF.fmt   ,R    ,COP1 6 010001     ,fmt 5 ? SD     ,ft 5 - 3       ,fs 5 - 2         ,fd 5 - 1      ,MSUBF 6 011001   ,               ,
MTC0        ,R    ,COP0 6 010000     ,MT 5 00100     ,rt 5 - 1       ,rd 5 - 2         ,0 8 0         ,sel 3 - 3        ,               ,
MTC1        ,R    ,COP1 6 010001     ,MT 5 00100     ,rt 5 - 1       ,fs 5 - 2         ,0 11 0        ,                 ,               ,
MTHC0       ,R    ,COP0 6 010000     ,MTH 5 00110    ,rt 5 - 1       ,rd 5 - 2         ,0 8 0         ,sel 3 - 3        ,               ,
MTHC1       ,R    ,COP1 6 010001     ,MTH 5 00111    ,rt 5 - 1       ,fs 5 - 2         ,0 11 0        ,                 ,               ,
MUH         ,R    ,SPECIAL 6 000000  ,rs 5 - 2       ,rt 5 - 3       ,rd 5 - 1         ,MUH 5 00011   ,SOP30 6 011000   ,               ,
MUHU        ,R    ,SPECIAL 6 000000  ,rs 5 - 2       ,rt 5 - 3       ,rd 5 - 1         ,MUHU 5 00010  ,SOP31 6 011001   ,               ,
MUL         ,R    ,SPECIAL 6 000000  ,rs 5 - 2       ,rt 5 - 3       ,rd 5 - 1         ,MUL 5 00010   ,SOP30 6 011000   ,               ,
MUL.fmt     ,R    ,COP1 6 010001     ,fmt 5 ? SD     ,ft 5 - 3       ,fs 5 - 2         ,fd 5 - 1      ,MUL 6 000010     ,               ,
MULU        ,R    ,SPECIAL 6 000000  ,rs 5 - 2       ,rt 5 - 3       ,rd 5 - 1         ,MULU 5 00010  ,SOP31 6 011001   ,               ,
NEG.fmt     ,R    ,COP1 6 010001     ,fmt 5 ? SD     ,0 5 0          ,fs 5 - 2         ,fd 5 - 1      ,NEG 6 000111     ,               ,
NOR         ,R    ,SPECIAL 6 000000  ,rs 5 - 2       ,rt 5 - 3       ,rd 5 - 1         ,0 5 0         ,NOR 6 100111     ,               ,
OR          ,R    ,SPECIAL 6 000000  ,rs 5 - 2       ,rt 5 - 3       ,rd 5 - 1         ,0 5 0         ,OR 6 100101      ,               ,
PAUSE       ,R    ,SPECIAL 6 000000  ,0 5 0          ,0 5 0          ,0 5 0            ,5 5 00101     ,SLL 6 0          ,               ,
PREF        ,R    ,SPECIAL3 6 011111 ,base 5 ~       ,hint 5 - 1     ,offset 9 - 2     ,0 1 0         ,PREF 6 110101    ,               ,
PREFE       ,R    ,SPECIAL3 6 011111 ,base 5 ~       ,hint 5 - 1     ,offset 9 - 2     ,0 1 0         ,PREF 6 100011    ,               ,
RDHWR       ,R    ,SPECIAL3 6 011111 ,0 5 0          ,rt 5 - 1       ,rd 5 - 2         ,0 2 0         ,sel 3 - 3        ,RDHWR 6 111011 ,
RDPGPR      ,R    ,COP0 6 010000     ,RDPGPR 5 01010 ,rt 5 - 2       ,rd 5 - 1         ,0 11 0        ,                 ,               ,
RECIP.fmt   ,R    ,COP1 6 010001     ,fmt 5 ? SD     ,0 5 0          ,fs 5 - 2         ,fd 5 - 1      ,RECIP 6 010101   ,               ,
RINT.fmt    ,R    ,COP1 6 010001     ,fmt 5 ? SD     ,0 5 0          ,fs 5 - 2         ,fd 5 - 1      ,RINT 6 011010    ,               ,
ROTR        ,R    ,SPECIAL 6 000000  ,0 4 0          ,R 1 1          ,rt 5 - 2         ,rd 5 - 1      ,sa 5 - 3         ,SRL 6 000010   ,
ROTRV       ,R    ,SPECIAL 6 000000  ,rs 5 - 3       ,rt 5 - 2       ,rd 5 - 1         ,0 4 0         ,R 1 1            ,SRLV 6 000110  ,
ROUND.L.fmt ,R    ,COP1 6 010001     ,fmt 5 ? SD     ,0 5 0          ,fs 5 - 2         ,fd 5 - 1      ,ROUND.L 6 001000 ,               ,
ROUND.W.fmt ,R    ,COP1 6 010001     ,fmt 5 ? SD     ,0 5 0          ,fs 5 - 2         ,fd 5 - 1      ,ROUND.W 6 001100 ,               ,
RSQRT.fmt   ,R    ,COP1 6 010001     ,fmt 5 ? SD     ,0 5 0          ,fs 5 - 2         ,fd 5 - 1      ,RSQRT 6 010110   ,               ,
SBE         ,R    ,SPECIAL3 6 011111 ,base 5 ~       ,rt 5 - 1       ,offset 9 - 2     ,0 1 0         ,SBE 6 011100     ,               ,
SC          ,R    ,SPECIAL3 6 011111 ,base 5 ~       ,rt 5 - 1       ,offset 9 - 2     ,0 1 0         ,SC 6 100110      ,               ,
SCE         ,R    ,SPECIAL3 6 011111 ,base 5 ~       ,rt 5 - 1       ,offset 9 - 2     ,0 1 0         ,SCE 6 011110     ,               ,
SCWP        ,R    ,SPECIAL3 6 011111 ,base 5 ~       ,rt 5 - 1       ,rd 5 - 2         ,0 4 0         ,1 1 1            ,SC 6 100110    ,
SCWPE       ,R    ,SPECIAL3 6 011111 ,base 5 ~       ,rt 5 - 1       ,rd 5 - 2         ,0 4 0         ,1 1 1            ,SCE 6 011110   ,
SDBBP       ,R    ,SPECIAL 6 000000  ,code 20 - 1    ,SDBBP 6 001110 ,                 ,              ,                 ,               ,
SEB         ,R    ,SPECIAL3 6 011111 ,0 5 0          ,rt 5 - 2       ,rd 5 - 1         ,SEB 5 10000   ,BSHFL 6 100000     ,               ,
SEH         ,R    ,SPECIAL3 6 011111 ,0 5 0          ,rt 5 - 2       ,rd 5 - 1         ,SEH 5 11000   ,BSHFL 6 100000     ,               ,
SEL.fmt     ,R    ,COP1 6 010001     ,fmt 5 ? SD     ,ft 5 - 3       ,fs 5 - 2         ,fd 5 - 1      ,SEL 6 010000     ,               ,
SELEQZ      ,R    ,SPECIAL 6 000000  ,rs 5 - 2       ,rt 5 - 3       ,rd 5 - 1         ,0 5 0         ,SELEQZ 6 110101  ,               ,
SELEQZ.fmt  ,R    ,COP1 6 010001     ,fmt 5 ? SD     ,ft 5 - 3       ,fs 5 - 2         ,fd 5 - 1      ,SELEQZ 6 010100  ,               ,
SELNEZ      ,R    ,SPECIAL 6 000000  ,rs 5 - 2       ,rt 5 - 3       ,rd 5 - 1         ,0 5 0         ,SELNEZ 6 110111  ,               ,
SELNEZ.fmt  ,R    ,COP1 6 010001     ,fmt 5 ? SD     ,ft 5 - 3       ,fs 5 - 2         ,fd 5 - 1      ,SELNEZ 6 010111  ,               ,
SHE         ,R    ,SPECIAL3 6 011111 ,base 5 ~       ,rt 5 - 1       ,offset 9 - 2     ,0 1 0         ,SHE 6 011101     ,               ,
SLL         ,R    ,SPECIAL 6 000000  ,0 5 0          ,rt 5 - 2       ,rd 5 - 1         ,sa 5 - 3      ,SLL 6 0          ,               ,
SLLV        ,R    ,SPECIAL 6 000000  ,rs 5 - 3       ,rt 5 - 2       ,rd 5 - 1         ,0 5 0         ,SLLV 6 000100    ,               ,
SLT         ,R    ,SPECIAL 6 000000  ,rs 5 - 2       ,rt 5 - 3       ,rd 5 - 1         ,0 5 0         ,SLT 6 101010     ,               ,
SLTU        ,R    ,SPECIAL 6 000000  ,rs 5 - 2       ,rt 5 - 3       ,rd 5 - 1         ,0 5 0         ,SLTU 6 101011    ,               ,
SQRT.fmt    ,R    ,COP1 6 010001     ,fmt 5 ? SD     ,0 5 0          ,fs 5 - 2         ,fd 5 - 1      ,SQRT 6 000100    ,               ,
SRA         ,R    ,SPECIAL 6 000000  ,0 5 0          ,rt 5 - 2       ,rd 5 - 1         ,sa 5 - 3      ,SRA 6 000011     ,               ,
SRAV        ,R    ,SPECIAL 6 000000  ,rs 5 - 3       ,rt 5 - 2       ,rd 5 - 1         ,0 5 0         ,SRAV 6 000111    ,               ,
SRl         ,R    ,SPECIAL 6 000000  ,0 4 0          ,R 1 0          ,rt 5 - 2         ,rd 5 - 1      ,sa 5 - 3         ,SRL 6 000010   ,
SRLV        ,R    ,SPECIAL 6 000000  ,rs 5 - 3       ,rt 5 - 2       ,rd 5 - 1         ,0 4 0         ,R 1 0            ,SRLV 6 000110  ,
SUB         ,R    ,SPECIAL 6 000000  ,rs 5 - 2       ,rt 5 - 3       ,rd 5 - 1         ,0 5 0         ,SUB 6 100010     ,               ,
SUB.fmt     ,R    ,COP1 6 010001     ,fmt 5 ? SD     ,ft 5 - 3       ,fs 5 - 2         ,fd 5 - 1      ,SUB 6 000001     ,               ,
SUBU        ,R    ,SPECIAL 6 000000  ,rs 5 - 2       ,rt 5 - 3       ,rd 5 - 1         ,0 5 0         ,SUBU 6 100011    ,               ,
SWE         ,R    ,SPECIAL3 6 011111 ,base 5 ~       ,rt 5 - 1       ,offset 9 - 2     ,0 1 0         ,SWE 6 011111     ,               ,
SYNC        ,R    ,SPECIAL 6 000000  ,0 15 0         ,stype 5 - 1    ,SYNC 6 001111    ,              ,                 ,               ,
TLBINV      ,R    ,COP0 6 010000     ,CO 1 1         ,0 19 0         ,TLBINV 6 000011  ,              ,                 ,               ,
TLBINVF     ,R    ,COP0 6 010000     ,CO 1 1         ,0 19 0         ,TLBINVF 6 000100 ,              ,                 ,               ,
TLBP        ,R    ,COP0 6 010000     ,CO 1 1         ,0 19 0         ,TLBP 6 001000    ,              ,                 ,               ,
TLBR        ,R    ,COP0 6 010000     ,CO 1 1         ,0 19 0         ,TLBR 6 000001    ,              ,                 ,               ,
TLBWI       ,R    ,COP0 6 010000     ,CO 1 1         ,0 19 0         ,TLBWI 6 000010   ,              ,                 ,               ,
TLBWR       ,R    ,COP0 6 010000     ,CO 1 1         ,0 19 0         ,TLBWR 6 000110   ,              ,                 ,               ,
TRUNC.L.fmt ,R    ,COP1 6 010001     ,fmt 5 ? SD     ,0 5 0          ,fs 5 - 2         ,fd 5 - 1      ,TRUNC.L 6 001001 ,               ,
TRUNC.W.fmt ,R    ,COP1 6 010001     ,fmt 5 ? SD     ,0 5 0          ,fs 5 - 2         ,fd 5 - 1      ,TRUNC.W 6 001101 ,               ,
WRPGPR      ,R    ,COP0 6 010000     ,WRPGPR 5 01110 ,rt 5 - 2       ,rd 5 - 1         ,0 11 0        ,                 ,               ,
WSBH        ,R    ,SPECIAL3 6 011111 ,0 5 0          ,rt 5 - 2       ,rd 5 - 1         ,WSBH 5 00010  ,BSHFL 6 100000     ,               ,
XOR         ,R    ,SPECIAL 6 000000  ,rs 5 - 2       ,rt 5 - 3       ,rd 5 - 1         ,0 5 0         ,XOR 6 100110     ,               ,
ADDIU       ,I    ,ADDIU 6 001001    ,rs 5 - 2       ,rt 5 - 1       ,imme 16 - 3      ,              ,                 ,               ,
ADDIUPC     ,I    ,PCREL 6 111011    ,rs 5 - 1       ,ADDIUPC 2 0    ,imme 19 - 2      ,              ,                 ,               ,
ALUIPC      ,I    ,PCREL 6 111011    ,rs 5 - 1       ,ALUIPC 5 11111 ,imme 16 - 2      ,              ,                 ,               ,
ANDI        ,I    ,ANDI 6 001100     ,rs 5 - 2       ,rt 5 - 1       ,imme 16 - 3      ,              ,                 ,               ,
AUI         ,I    ,AUI 6 001111      ,rs 5 - 2       ,rt 5 - 1       ,imme 16 - 3      ,              ,                 ,               ,
AUIPC       ,I    ,PCREL 6 111011    ,rs 5 - 1       ,AUIPC 5 11110  ,imme 16 - 2      ,              ,                 ,               ,
BAL         ,I    ,REGIMM 6 000001   ,0 5 0          ,BAL 5 10001    ,offset 16 - 1    ,              ,                 ,               ,
BALC        ,I    ,BALC 6 111010     ,offset 26 - 1  ,               ,                 ,              ,                 ,               ,
BC          ,I    ,BC 6 110010       ,offset 26 - 1  ,               ,                 ,              ,                 ,               ,
BC1EQZ      ,I    ,COP1 6 010001     ,BC1EQZ 5 01001 ,ft 5 - 1       ,offset 16 - 2    ,              ,                 ,               ,
BC1NEZ      ,I    ,COP1 6 010001     ,BC1NQZ 5 01101 ,ft 5 - 1       ,offset 16 - 2    ,              ,                 ,               ,
BC2EQZ      ,I    ,COP2 6 010010     ,BC2EQZ 5 01001 ,ct 5 - 1       ,offset 16 - 2    ,              ,                 ,               ,
BC2NEZ      ,I    ,COP2 6 010010     ,BC2NEZ 5 01101 ,ct 5 - 1       ,offset 16 - 2    ,              ,                 ,               ,
BEQ         ,I    ,BEQ 6 000100      ,rs 5 - 1       ,rt 5 - 2       ,offset 16 - 3    ,              ,                 ,               ,
BEQC        ,I    ,POP10 6 001000    ,rs 5 + 1       ,rt 5 + 2       ,offset 16 - 3    ,              ,                 ,               ,
BEQZALC     ,I    ,POP10 6 001000    ,rs 5 0         ,rt 5 + 1       ,offset 16 - 2    ,              ,                 ,               ,
BEQZC       ,I    ,POP66 6 110110    ,rs 5 + 1       ,offset 21 - 2  ,                 ,              ,                 ,               ,
BGEC        ,I    ,POP26 6 010110    ,rs 5 + 1       ,rt 5 + 2       ,offset 16 - 3    ,              ,                 ,               ,
BGEUC       ,I    ,POP06 6 000110    ,rs 5 + 1       ,rt 5 + 2       ,offset 16 - 3    ,              ,                 ,               ,
BGEZ        ,I    ,REGIMM 6 000001   ,rs 5 - 1       ,BGEZ 5 00001   ,offset 16 - 2    ,              ,                 ,               ,
BGEZALC     ,I    ,POP06 6 000110    ,r 0 + 1        ,rs 5 r         ,rt 5 r           ,offset 16 - 2 ,                 ,               ,
BGEZC       ,I    ,POP26 6 010110    ,r 0 + 1        ,rs 5 r         ,rt 5 r           ,offset 16 - 2 ,                 ,               ,
BGTZ        ,I    ,BGTZ 6 000111     ,rs 5 - 1       ,0 5 0          ,offset 16 - 2    ,              ,                 ,               ,
BGTZALC     ,I    ,POP07 6 000111    ,0 5 0          ,rt 5 + 1       ,offset 16 - 2    ,              ,                 ,               ,
BGTZC       ,I    ,POP27 6 010111    ,rs 5 0         ,rt 5 + 1       ,offset 16 - 2    ,              ,                 ,               ,
BLEZ        ,I    ,BLEZ 6 000110     ,rs 5 - 1       ,0 5 0          ,offset 16 - 2    ,              ,                 ,               ,
BLEZALC     ,I    ,POP06 6 000110    ,0 5 0          ,rt 5 + 1       ,offset 16 - 2    ,              ,                 ,               ,
BLEZC       ,I    ,POP26 6 010110    ,0 5 0          ,rt 5 + 1       ,offset 16 - 2    ,              ,                 ,               ,
BLTC        ,I    ,POP27 6 010111    ,rs 5 + 1       ,rt 5 + 2       ,offset 16 - 3    ,              ,                 ,               ,
BLTUC       ,I    ,POP07 6 000111    ,rs 5 + 1       ,rt 5 + 2       ,offset 16 - 3    ,              ,                 ,               ,
BLTZ        ,I    ,REGIMM 6 000001   ,rs 5 - 1       ,BLTZ 5 0       ,offset 16 - 2    ,              ,                 ,               ,
BLTZALC     ,I    ,POP07 6 000111    ,r 0 + 1        ,rs 5 r         ,rt 5 r           ,offset 16 - 2 ,                 ,               ,
BLTZC       ,I    ,POP27 6 010111    ,r 0 + 1        ,rs 5 r         ,rt 5 r           ,offset 16 - 2 ,                 ,               ,
BLTZL       ,I    ,REGIMM 6 000001   ,rs 5 - 1       ,BLTZL 5 00010  ,offset 16 - 2    ,              ,                 ,               ,
BNE         ,I    ,BNE 6 000101      ,rs 5 - 1       ,rt 5 - 2       ,offset 16 - 3    ,              ,                 ,               ,
BNEC        ,I    ,POP30 6 011000    ,rs 5 + 1       ,rt 5 + 2       ,offset 16 - 3    ,              ,                 ,               ,
BNEZALC     ,I    ,POP30 6 011000    ,rs 5 0         ,rt 5 + 1       ,offset 16 - 2    ,              ,                 ,               ,
BNEZC       ,I    ,POP76 6 111110    ,rs 5 + 1       ,offset 21 - 2  ,                 ,              ,                 ,               ,
BNVC        ,I    ,POP30 6 011000    ,rs 5 - 1       ,rt 5 - 2       ,offset 16 - 3    ,              ,                 ,               ,
BOVC        ,I    ,POP10 6 001000    ,rs 5 - 1       ,rt 5 - 2       ,offset 16 - 3    ,              ,                 ,               ,
CFC2        ,I    ,COP2 6 010010     ,CF 5 00010     ,rt 5 - 1       ,Impl 16 - 2      ,              ,                 ,               ,
CTC2        ,I    ,COP2 6 010010     ,CT 5 00110     ,rt 5 - 1       ,Impl 16 - 2      ,              ,                 ,               ,
JIALC       ,I    ,POP76 6 111110    ,JIALC 5 0      ,rt 5 - 1       ,offset 16 - 2    ,              ,                 ,               ,
JIC         ,I    ,POP66 6 110110    ,JIC 5 0        ,rt 5 - 1       ,offset 16 - 2    ,              ,                 ,               ,
LB          ,I    ,LB 6 100000       ,base 5 ~       ,rt 5 - 1       ,offset 16 - 2    ,              ,                 ,               ,
LBU         ,I    ,LBU 6 100100      ,base 5 ~       ,rt 5 - 1       ,offset 16 - 2    ,              ,                 ,               ,
LDC1        ,I    ,LDC1 6 110101     ,base 5 ~       ,ft 5 - 1       ,offset 16 - 2    ,              ,                 ,               ,
LDC2        ,I    ,COP2 6 010010     ,LDC2 5 01110   ,rt 5 - 1       ,base 5 ~         ,offset 11 - 2 ,                 ,               ,
LH          ,I    ,LH 6 100001       ,base 5 ~       ,rt 5 - 1       ,offset 16 - 2    ,              ,                 ,               ,
LHU         ,I    ,LHU 6 100101      ,base 5 ~       ,rt 5 - 1       ,offset 16 - 2    ,              ,                 ,               ,
LW          ,I    ,LW 6 100011       ,base 5 ~       ,rt 5 - 1       ,offset 16 - 2    ,              ,                 ,               ,
LWC1        ,I    ,LWC1 6 110001     ,base 5 ~       ,ft 5 - 1       ,offset 16 - 2    ,              ,                 ,               ,
LWC2        ,I    ,COP2 6 010010     ,LWC2 5 01010   ,rt 5 - 1       ,base 5 ~         ,offset 11 - 2 ,                 ,               ,
LWPC        ,I    ,PCREL 6 111011    ,rs 5 - 1       ,LWPC 2 01      ,offset 19 - 2    ,              ,                 ,               ,
MFC2        ,I    ,COP2 6 010010     ,MF 5 0         ,rt 5 - 1       ,Impl 16 - 2      ,              ,                 ,               ,
MFHC2       ,I    ,COP2 6 010010     ,MFH 5 00011    ,rt 5 - 1       ,Impl 16 - 2      ,              ,                 ,               ,
MTC2        ,I    ,COP2 6 010010     ,MT 5 00100     ,rt 5 - 1       ,Impl 16 - 2      ,              ,                 ,               ,
MTHC2       ,I    ,COP2 6 010010     ,MTH 5 00111    ,rt 5 - 1       ,Impl 16 - 2      ,              ,                 ,               ,
ORI         ,I    ,ORI 6 001101      ,rs 5 - 2       ,rt 5 - 1       ,imme 16 - 3      ,              ,                 ,               ,
SB          ,I    ,SB 6 101000       ,base 5 ~       ,rt 5 - 1       ,offset 16 - 2    ,              ,                 ,               ,
SDC1        ,I    ,SDC1 6 111101     ,base 5 ~       ,ft 5 - 1       ,offset 16 - 2    ,              ,                 ,               ,
SDC2        ,I    ,COP2 6 010010     ,SDC2 5 01111   ,rt 5 - 1       ,base 5 ~         ,offset 11 - 2 ,                 ,               ,
SH          ,I    ,SH 6 101001       ,base 5 ~       ,rt 5 - 1       ,offset 16 - 2    ,              ,                 ,               ,
SIGRIE      ,I    ,REGIMM 6 000001   ,0 5 0          ,SIGRIE 5 10111 ,code 16 - 1      ,              ,                 ,               ,
SLTI        ,I    ,SLTI 6 001010     ,rs 5 - 2       ,rt 5 - 1       ,imme 16 - 3      ,              ,                 ,               ,
SLTIU       ,I    ,SLTI 6 001011     ,rs 5 - 2       ,rt 5 - 1       ,imme 16 - 3      ,              ,                 ,               ,
SW          ,I    ,SW 6 101011       ,base 5 ~       ,rt 5 - 1       ,offset 16 - 2    ,              ,                 ,               ,
SWC1        ,I    ,SWC1 6 111001     ,base 5 ~       ,ft 5 - 1       ,offset 16 - 2    ,              ,                 ,               ,
SWC2        ,I    ,COP2 6 010010     ,SWC2 5 01011   ,rt 5 - 1       ,base 5 ~         ,offset 11 - 2 ,                 ,               ,
SWL         ,I    ,SWL 6 101010      ,base 5 ~       ,rt 5 - 1       ,offset 16 - 2    ,              ,                 ,               ,
SYNCI       ,I    ,REGIMM 6 000001   ,base 5 ~       ,SYNCI 5 11111  ,offset 16 - 1    ,              ,                 ,               ,
XORI        ,I    ,XORI 6 001110     ,rs 5 - 2       ,rt 5 - 1       ,imme 16 - 3      ,              ,                 ,               ,
J           ,J    ,J 6 000010        ,target 26 - 1  ,               ,                 ,              ,                 ,               ,
JAL         ,J    ,JAL 6 000011      ,target 26 - 1  ,               ,                 ,              ,                 ,               ,
JALX        ,J    ,JALX 6 011101     ,target 26 - 1  ,               ,                 ,              ,                 ,               ,
